[
	[{"date":"1380511083000","type":"smiple app","title":"test news","description":"simple party","url":"http://www.baghdadcars.com"}] 
	{ "date": "1337677200000", "type": "demo", "title": "Project B demo", "description": "Lorem ipsum dolor sit amet, consectetur adipisicing elit, sed do eiusmod tempor incididunt ut labore et dolore magna aliqua. Ut enim ad minim veniam, quis nostrud exercitation ullamco laboris nisi ut aliquip ex ea commodo consequat.", "url": "http://www.event2.com/" }
	
]



